Iteration,fit_time,evaluate_time,hit_rate,ndcg
1,29.37800908088684,1.929518222808838,0.7641826116146357,0.3916102992295525
